contract,date,prev_close,prev_settlement,open,high,low,close,settlement,price_change,settlement_change,volume,turnover,open_interest,Unnamed: 14
al2401,2023-01-17,18500,18500,,,,18600,18600,100,100,0,0,0,
al2401,2023-01-18,18600,18600,18660,18880,18660,18880,18805,280,205,8,75.2325,6,
al2401,2023-01-19,18880,18805,18990,19185,18930,18930,19020,125,215,9,85.6075,9,
al2401,2023-01-20,18930,19020,19180,19200,19180,19200,19190,180,170,5,47.98,14,
al2401,2023-01-30,19200,19190,19025,19025,18860,18940,18930,-250,-260,19,179.865,22,
al2401,2023-01-31,18940,18930,18900,18900,18800,18860,18850,-70,-80,8,75.4025,19,
al2401,2023-02-01,18860,18850,18940,19140,18940,19070,19070,220,220,90,858.245,97,
al2401,2023-02-02,19070,19070,19105,19105,18965,18970,19035,-100,-35,82,780.62,135,
al2401,2023-02-03,18970,19035,19005,19005,18840,18975,18905,-60,-130,15,141.8075,138,
al2401,2023-02-06,18975,18905,18985,18985,18755,18945,18845,40,-60,22,207.3075,149,
al2401,2023-02-07,18945,18845,18880,19000,18850,18935,18925,90,80,27,255.5075,163,
al2401,2023-02-08,18935,18925,18980,19050,18900,18960,18985,35,60,17,161.385,171,
al2401,2023-02-09,18960,18985,18880,18880,18705,18790,18760,-195,-225,50,469.0475,200,
al2401,2023-02-10,18790,18760,18720,18810,18545,18575,18635,-185,-125,28,260.9,213,
al2401,2023-02-13,18575,18635,18550,18575,18385,18475,18450,-160,-185,74,682.735,239,
al2401,2023-02-14,18475,18450,18455,18560,18455,18510,18500,60,50,17,157.27,247,
al2401,2023-02-15,18510,18500,18455,18455,18275,18275,18335,-225,-165,56,513.48,296,
al2401,2023-02-16,18275,18335,18255,18460,18235,18410,18325,75,-10,65,595.6,314,
al2401,2023-02-17,18410,18325,18435,18485,18405,18405,18440,80,115,20,184.4125,320,
al2401,2023-02-20,18405,18440,18365,18675,18340,18650,18565,210,125,37,343.5425,338,
al2401,2023-02-21,18650,18565,18700,18700,18615,18615,18675,50,110,15,140.0925,340,
al2401,2023-02-22,18615,18675,18700,18700,18645,18650,18665,-25,-10,4,37.33,341,
al2401,2023-02-23,18650,18665,18650,18680,18650,18680,18665,15,0,3,28.0025,340,
al2401,2023-02-24,18680,18665,18485,18555,18445,18520,18500,-145,-165,4,37.0025,341,
al2401,2023-02-27,18520,18500,18520,18520,18240,18240,18460,-260,-40,156,1440.08,452,
al2401,2023-02-28,18240,18460,18250,18465,18250,18370,18275,-90,-185,62,566.655,507,
al2401,2023-03-01,18370,18275,18350,18600,18350,18600,18490,325,215,8,73.9775,507,
al2401,2023-03-02,18600,18490,18570,18570,18495,18495,18525,5,35,30,277.8825,529,
al2401,2023-03-03,18495,18525,18530,18550,18510,18550,18515,25,-10,7,64.815,533,
al2401,2023-03-06,18550,18515,18535,18575,18380,18410,18530,-105,15,72,667.1175,564,
al2401,2023-03-07,18410,18530,18440,18520,18440,18460,18450,-70,-80,68,627.4075,565,
al2401,2023-03-08,18460,18450,18405,18420,18340,18420,18385,-30,-65,6,55.16,565,
al2401,2023-03-09,18420,18385,18390,18460,18360,18425,18410,40,25,21,193.3275,576,
al2401,2023-03-10,18425,18410,18385,18385,18160,18175,18320,-235,-90,61,558.825,605,
al2401,2023-03-13,18175,18320,18110,18335,18075,18325,18190,5,-130,124,1127.93,633,
al2401,2023-03-14,18325,18190,18145,18235,18120,18120,18165,-70,-25,40,363.3225,640,
al2401,2023-03-15,18120,18165,18190,18240,18165,18220,18190,55,25,16,145.5525,642,
al2401,2023-03-16,18220,18190,18005,18065,17960,18005,18005,-185,-185,183,1647.76,678,
al2401,2023-03-17,18005,18005,17980,18120,17930,18075,18025,70,20,33,297.4225,676,
al2401,2023-03-20,18075,18025,18070,18120,17785,17805,17930,-220,-95,116,1040.2025,756,
al2401,2023-03-21,17805,17930,17980,17980,17875,17900,17930,-30,0,45,403.515,738,
al2401,2023-03-22,17900,17930,17950,18005,17950,17970,17970,40,40,10,89.8625,736,
al2401,2023-03-23,17970,17970,18030,18120,18015,18020,18035,50,65,89,802.6725,724,
al2401,2023-03-24,18020,18035,18055,18310,18040,18310,18185,275,150,60,545.6175,710,
al2401,2023-03-27,18310,18185,18265,18280,18240,18255,18265,70,80,21,191.785,716,
al2401,2023-03-28,18255,18265,18280,18465,18280,18410,18390,145,125,29,266.665,717,
al2401,2023-03-29,18410,18390,18405,18475,18365,18380,18420,-10,30,99,911.825,719,
al2401,2023-03-30,18380,18420,18435,18455,18315,18420,18365,0,-55,72,661.2425,727,
al2401,2023-03-31,18420,18365,18455,18480,18380,18430,18445,65,80,19,175.25,730,
al2401,2023-04-03,18430,18445,18350,18405,18350,18375,18375,-70,-70,4,36.755,731,
al2401,2023-04-04,18375,18375,18480,18515,18335,18405,18415,30,40,24,221.0175,736,
al2401,2023-04-06,18405,18415,18275,18380,18275,18345,18330,-70,-85,12,110.0075,737,
al2401,2023-04-07,18345,18330,18305,18450,18305,18450,18405,120,75,16,147.2775,739,
al2401,2023-04-10,18450,18405,18485,18500,18330,18360,18385,-45,-20,82,753.8875,740,
al2401,2023-04-11,18360,18385,18320,18320,18110,18265,18155,-120,-230,48,435.74,746,
al2401,2023-04-12,18265,18155,18195,18225,18150,18160,18180,5,25,69,627.2925,747,
al2401,2023-04-13,18160,18180,18185,18270,18140,18220,18210,40,30,14,127.475,748,
al2401,2023-04-14,18220,18210,18340,18455,18325,18425,18415,215,205,57,524.92,739,
al2401,2023-04-17,18425,18415,18470,18540,18355,18475,18465,60,50,15,138.515,734,
al2401,2023-04-18,18475,18465,18520,18670,18460,18660,18585,195,120,38,353.13,738,
al2401,2023-04-19,18660,18585,18665,18770,18645,18700,18720,115,135,66,617.8175,742,
al2401,2023-04-20,18700,18720,18710,18940,18680,18855,18820,135,100,117,1101.1325,746,
al2401,2023-04-21,18855,18820,18845,18915,18540,18610,18690,-210,-130,41,383.15,757,
al2401,2023-04-24,18610,18690,18695,18740,18590,18615,18610,-75,-80,76,707.3275,807,
al2401,2023-04-25,18615,18610,18490,18635,18490,18565,18550,-45,-60,20,185.535,805,
al2401,2023-04-26,18565,18550,18495,18550,18415,18470,18475,-80,-75,156,1441.4025,871,
al2401,2023-04-27,18470,18475,18500,18500,18240,18240,18345,-235,-130,450,4128.52,1102,
al2401,2023-04-28,18240,18345,18230,18295,18180,18285,18260,-60,-85,412,3761.885,1411,
al2401,2023-05-04,18285,18260,18280,18350,18205,18220,18290,-40,30,291,2661.6975,1483,
al2401,2023-05-05,18220,18290,18190,18220,18070,18155,18115,-135,-175,491,4447.9825,1805,
al2401,2023-05-08,18155,18115,18155,18300,18155,18265,18210,150,95,246,2240.2775,1984,
al2401,2023-05-09,18265,18210,18265,18270,18010,18065,18060,-145,-150,295,2664.485,2143,
al2401,2023-05-10,18065,18060,18065,18145,18030,18090,18055,30,-5,252,2275.4025,2274,
al2401,2023-05-11,18090,18055,18015,18015,17780,17780,17915,-275,-140,332,2974.5375,2369,
al2401,2023-05-12,17780,17915,17670,17775,17525,17615,17635,-300,-280,409,3606.645,2580,
al2401,2023-05-15,17615,17635,17695,17900,17690,17835,17805,200,170,837,7452.185,2997,
al2401,2023-05-16,17835,17805,17935,17945,17690,17750,17800,-55,-5,140,1246,3046,
al2401,2023-05-17,17750,17800,17695,17950,17690,17900,17855,100,55,207,1848.1925,3054,
al2401,2023-05-18,17900,17855,18065,18065,17945,18045,18015,190,160,242,2179.955,3167,
al2401,2023-05-19,18045,18015,17965,17965,17785,17905,17870,-110,-145,391,3493.7,3393,
al2401,2023-05-22,17905,17870,17980,17980,17540,17590,17690,-280,-180,368,3255.3825,3588,
al2401,2023-05-23,17590,17690,17635,17740,17530,17555,17595,-135,-95,177,1557.4575,3707,
al2401,2023-05-24,17555,17595,17475,17560,17000,17010,17205,-585,-390,798,6864.9775,4041,
al2401,2023-05-25,17010,17205,17140,17170,16880,17055,16980,-150,-225,542,4602.7225,4270,
al2401,2023-05-26,17055,16980,17055,17650,16995,17650,17285,670,305,497,4295.91,4202,
al2401,2023-05-29,17650,17285,17540,17580,17330,17395,17440,110,155,345,3009.1625,4206,
al2401,2023-05-30,17395,17440,17365,17405,17125,17225,17250,-215,-190,513,4425.8825,4388,
al2401,2023-05-31,17225,17250,17235,17270,17050,17240,17145,-10,-105,306,2623.9475,4468,
al2401,2023-06-01,17240,17145,17240,17550,17190,17480,17410,335,265,295,2567.9775,4425,
al2401,2023-06-02,17480,17410,17515,17860,17450,17760,17650,350,240,486,4289.085,4558,
al2401,2023-06-05,17760,17650,17780,17785,17270,17345,17435,-305,-215,451,3932.335,4844,
al2401,2023-06-06,17345,17435,17345,17415,17235,17330,17335,-105,-100,347,3008.3275,4962,
al2401,2023-06-07,17330,17335,17285,17480,17255,17320,17330,-15,-5,246,2131.895,5055,
al2401,2023-06-08,17320,17330,17350,17480,17320,17390,17385,60,55,398,3460.38,5239,
al2401,2023-06-09,17390,17385,17445,17670,17435,17640,17560,255,175,278,2440.95,5288,
al2401,2023-06-12,17640,17560,17675,17735,17275,17355,17400,-205,-160,419,3645.9125,5426,
al2401,2023-06-13,17355,17400,17315,17555,17280,17535,17425,135,25,391,3407.38,5390,
al2401,2023-06-14,17535,17425,17620,17770,17530,17735,17660,310,235,491,4335.9875,5485,
al2401,2023-06-15,17735,17660,17805,17835,17455,17595,17640,-65,-20,462,4075.44,5581,
al2401,2023-06-16,17595,17640,17640,17795,17530,17720,17700,80,60,478,4230.3975,5797,
al2401,2023-06-19,17720,17700,17740,17760,17485,17605,17590,-95,-110,263,2313.5375,5887,
al2401,2023-06-20,17605,17590,17570,17710,17535,17695,17640,105,50,475,4190.4425,6077,
al2401,2023-06-21,17695,17640,17665,17740,17620,17640,17675,0,35,495,4374.615,6272,
al2401,2023-06-26,17640,17675,17415,17640,17300,17410,17395,-265,-280,1885,16397.4425,7366,
al2401,2023-06-27,17410,17395,17360,17600,17300,17575,17440,180,45,1355,11818.2825,7806,
al2401,2023-06-28,17575,17440,17670,17675,17495,17545,17560,105,120,894,7850.8825,8016,
al2401,2023-06-29,17545,17560,17500,17550,17425,17470,17480,-90,-80,556,4860.59,8301,
al2401,2023-06-30,17470,17480,17450,17590,17385,17460,17490,-20,10,400,3498.4275,8427,
al2401,2023-07-03,17460,17490,17465,17670,17375,17620,17570,130,80,1384,12161.8,8406,
al2401,2023-07-04,17620,17570,17590,17665,17500,17575,17580,5,10,1110,9759.455,8631,
al2401,2023-07-05,17575,17580,17545,17570,17445,17450,17495,-130,-85,738,6455.9825,8811,
al2401,2023-07-06,17450,17495,17455,17585,17415,17510,17515,15,20,1795,15720.805,9258,
al2401,2023-07-07,17510,17515,17535,17545,17410,17425,17450,-90,-65,598,5218.7175,9406,
al2401,2023-07-10,17425,17450,17450,17590,17425,17590,17530,140,80,1130,9906.5225,9612,
al2401,2023-07-11,17590,17530,17575,17775,17550,17770,17670,240,140,1152,10180.485,9523,
al2401,2023-07-12,17770,17670,17735,17745,17640,17695,17680,25,10,392,3465.5675,9704,
al2401,2023-07-13,17695,17680,17805,17935,17770,17935,17860,255,180,1330,11879.055,10022,
al2401,2023-07-14,17935,17860,17985,18130,17965,18020,18015,160,155,1211,10910.7425,10113,
al2401,2023-07-17,18020,18015,17955,18015,17885,17945,17955,-70,-60,928,8331.7125,10204,
al2407,2023-07-18,17990,17990,17965,18085,17960,18085,18000,95,10,3,27.005,2,
al2401,2023-07-18,17945,17955,17890,18065,17870,18000,18000,45,45,1131,10180.205,10565,
al2401,2023-07-19,18000,18000,17890,17990,17890,17970,17950,-30,-50,830,7449.315,10786,
al2407,2023-07-19,18085,18000,,,,18000,18000,0,0,0,0,2,
al2401,2023-07-20,17970,17950,17975,18035,17925,18005,17985,55,35,906,8147.33,10830,
al2407,2023-07-20,18000,18000,18035,18035,18030,18030,18030,30,30,4,36.065,6,
al2401,2023-07-21,18005,17985,18110,18110,17950,18060,18020,75,35,985,8876.17,10942,
al2407,2023-07-21,18030,18030,18125,18125,18065,18070,18065,40,35,102,921.5,106,
al2401,2023-07-24,18060,18020,18010,18110,18005,18035,18055,15,35,911,8224.9425,10801,
al2407,2023-07-24,18070,18065,18130,18130,18130,18130,18130,65,65,1,9.065,107,
al2401,2023-07-25,18035,18055,18045,18245,18030,18215,18185,160,130,2071,18835.365,11700,
al2407,2023-07-25,18130,18130,18250,18250,18250,18250,18250,120,120,1,9.125,107,
al2407,2023-07-26,18250,18250,,,,18250,18250,0,0,0,0,107,
al2401,2023-07-26,18215,18185,18225,18265,18150,18200,18210,15,25,1362,12404.4125,11912,
al2401,2023-07-27,18200,18210,18165,18380,18120,18280,18265,70,55,1651,15081.055,12267,
al2407,2023-07-27,18250,18250,18220,18345,18220,18345,18340,95,90,101,926.36,8,
al2401,2023-07-28,18280,18265,18245,18280,18160,18215,18220,-50,-45,1762,16056.205,12367,
al2407,2023-07-28,18345,18340,,,,18305,18305,-35,-35,0,0,8,
al2401,2023-07-31,18215,18220,18220,18245,18155,18205,18200,-15,-20,990,9009.02,12554,
al2407,2023-07-31,18305,18305,18255,18285,18255,18285,18265,-20,-40,3,27.3975,11,
al2401,2023-08-01,18205,18200,18315,18460,18290,18370,18380,170,180,2500,22975.765,12718,
al2407,2023-08-01,18285,18265,18505,18505,18505,18505,18505,240,240,1,9.2525,12,
al2407,2023-08-02,18505,18505,18470,18470,18320,18325,18335,-180,-170,27,247.565,34,
al2401,2023-08-02,18370,18380,18340,18385,18270,18330,18325,-50,-55,1610,14753.8475,12730,
al2401,2023-08-03,18330,18325,18250,18285,18185,18255,18250,-70,-75,2539,23169.3425,13178,
al2407,2023-08-03,18325,18335,18300,18310,18270,18300,18295,-35,-40,64,585.5525,82,
al2401,2023-08-04,18255,18250,18225,18375,18200,18290,18295,40,45,2489,22768.2975,13760,
al2407,2023-08-04,18300,18295,18325,18325,18325,18325,18325,30,30,1,9.1625,82,
al2401,2023-08-07,18290,18295,18280,18320,18230,18285,18270,-10,-25,1499,13695.525,14071,
al2407,2023-08-07,18325,18325,18330,18330,18290,18290,18310,-35,-15,2,18.31,83,
al2401,2023-08-08,18285,18270,18285,18355,18220,18240,18270,-30,0,702,6414.49,14160,
al2407,2023-08-08,18290,18310,18290,18310,18290,18310,18300,0,-10,2,18.3,83,
al2407,2023-08-09,18310,18300,18230,18270,18220,18270,18240,-30,-60,3,27.36,84,
al2401,2023-08-09,18240,18270,18145,18280,18085,18260,18190,-10,-80,1638,14900.315,14489,
al2407,2023-08-10,18270,18240,18255,18255,18220,18220,18245,-20,5,16,145.9825,90,
al2401,2023-08-10,18260,18190,18210,18240,18150,18190,18190,0,0,1960,17830.725,15080,
al2401,2023-08-11,18190,18190,18230,18245,18165,18180,18205,-10,15,1194,10869.205,15092,
al2407,2023-08-11,18220,18245,18250,18295,18235,18235,18240,-10,-5,28,255.4175,95,
al2401,2023-08-14,18180,18205,18120,18120,17980,17980,18055,-225,-150,3404,30730.3,15543,
al2407,2023-08-14,18235,18240,18110,18135,18085,18085,18090,-155,-150,20,180.9175,111,
al2401,2023-08-15,17980,18055,17950,18190,17930,18185,18115,130,60,2928,26526.7125,15709,
al2407,2023-08-15,18085,18090,,,,18100,18100,10,10,0,0,111,
al2401,2023-08-16,18185,18115,18110,18195,18025,18025,18075,-90,-40,3522,31837.61,16214,
al2407,2023-08-16,18100,18100,18155,18160,18080,18080,18135,-20,35,23,208.6,113,
al2407,2023-08-17,18080,18135,18060,18060,18060,18060,18060,-75,-75,1,9.03,114,
al2401,2023-08-17,18025,18075,18040,18060,17970,18000,18010,-75,-65,3184,28676.29,16802,
al2401,2023-08-18,18000,18010,18080,18140,17965,17990,18020,-20,10,5635,50778.025,18667,
al2407,2023-08-18,18060,18060,18120,18120,18035,18105,18085,45,25,7,63.3025,118,
al2401,2023-08-21,17990,18020,17990,18085,17970,18045,18025,25,5,2316,20876.5125,18866,
al2407,2023-08-21,18105,18085,18210,18210,18210,18210,18210,125,125,4,36.42,120,
al2401,2023-08-22,18045,18025,18025,18230,18000,18165,18090,140,65,5089,46031.085,19026,
al2407,2023-08-22,18210,18210,18210,18280,18210,18260,18235,50,25,9,82.065,120,
al2401,2023-08-23,18165,18090,18215,18305,18210,18290,18255,200,165,4372,39909.7025,19790,
al2407,2023-08-23,18260,18235,18305,18370,18290,18335,18320,100,85,28,256.5175,127,
al2401,2023-08-24,18290,18255,18265,18345,18230,18265,18285,10,30,3162,28909.0925,20124,
al2407,2023-08-24,18335,18320,18350,18375,18315,18375,18330,55,10,9,82.505,130,
al2401,2023-08-25,18265,18285,18250,18280,18210,18245,18240,-40,-45,2306,21036.41,20503,
al2407,2023-08-25,18375,18330,18275,18295,18275,18295,18285,-35,-45,2,18.285,132,
al2407,2023-08-28,18295,18285,18265,18265,18265,18265,18265,-20,-20,1,9.1325,132,
al2401,2023-08-28,18245,18240,18270,18290,18175,18225,18220,-15,-20,3502,31907.995,21590,
al2401,2023-08-29,18225,18220,18005,18425,18005,18370,18325,150,105,4447,40750.3,22301,
al2407,2023-08-29,18265,18265,18285,18365,18245,18365,18280,100,15,9,82.2725,134,
al2401,2023-08-30,18370,18325,18330,18420,18295,18400,18360,75,35,5353,49146.5775,23305,
al2407,2023-08-30,18365,18280,18345,18445,18315,18410,18380,130,100,35,321.665,157,
al2401,2023-08-31,18400,18360,18430,18625,18425,18600,18545,240,185,6673,61888.985,23655,
al2407,2023-08-31,18410,18380,18530,18630,18530,18630,18555,250,175,22,204.14,158,
al2401,2023-09-01,18600,18545,18630,18995,18570,18910,18825,365,280,9532,89729.83,24146,
al2407,2023-09-01,18630,18555,18615,18940,18610,18840,18805,285,250,14,131.645,162,
al2407,2023-09-04,18840,18805,18800,18800,18535,18575,18630,-230,-175,11,102.485,165,
al2401,2023-09-04,18910,18825,18920,19105,18525,18595,18780,-230,-45,13969,131182.99,25830,
al2401,2023-09-05,18595,18780,18595,18705,18510,18620,18620,-160,-160,8914,82994.7325,26931,
al2407,2023-09-05,18575,18630,18580,18690,18580,18620,18610,-10,-20,11,102.3725,166,
al2401,2023-09-06,18620,18620,18625,18830,18620,18775,18695,155,75,8071,75444.7725,28668,
al2407,2023-09-06,18620,18610,18675,18800,18675,18800,18715,190,105,10,93.5975,170,
al2401,2023-09-07,18775,18695,18805,18865,18700,18785,18785,90,90,7082,66519.5925,29228,
al2407,2023-09-07,18800,18715,18760,18790,18740,18775,18770,60,55,18,168.945,174,
al2401,2023-09-08,18785,18785,18765,18790,18560,18600,18670,-185,-115,9409,87849.1375,30051,
al2407,2023-09-08,18775,18770,18730,18730,18575,18600,18645,-170,-125,70,652.6375,205,
al2407,2023-09-11,18600,18645,18755,18755,18735,18735,18750,90,105,5,46.8775,206,
al2401,2023-09-11,18600,18670,18600,18800,18560,18750,18675,80,5,7994,74651.0075,31938,
al2407,2023-09-12,18735,18750,18755,18855,18755,18845,18835,95,85,18,169.5175,214,
al2401,2023-09-12,18750,18675,18750,18890,18735,18820,18830,145,155,6397,60235.95,32423,
al2401,2023-09-13,18820,18830,18820,18865,18625,18735,18735,-95,-95,6049,56671.4725,32658,
al2407,2023-09-13,18845,18835,18845,19015,18695,18695,18750,-140,-85,90,843.76,273,
al2401,2023-09-14,18735,18735,18765,18925,18720,18890,18825,155,90,8467,79716.1225,31990,
al2407,2023-09-14,18695,18750,18835,18835,18835,18835,18835,85,85,1,9.4175,273,
al2401,2023-09-15,18890,18825,18940,18980,18835,18885,18935,60,110,8500,80493.56,34575,
al2407,2023-09-15,18835,18835,18915,18970,18770,18930,18900,95,65,54,510.3,258,
al2401,2023-09-18,18885,18935,18815,18855,18680,18780,18760,-155,-175,17225,161592.555,35529,
al2407,2023-09-18,18930,18900,18765,18765,18695,18755,18740,-145,-160,7,65.605,258,
al2407,2023-09-19,18755,18740,18800,18900,18800,18900,18885,160,145,74,698.81,276,
al2401,2023-09-19,18780,18760,18825,18945,18800,18855,18875,95,115,12132,114508.0025,34976,
al2401,2023-09-20,18855,18875,18870,18945,18805,18935,18875,60,0,9177,86625.125,35552,
al2407,2023-09-20,18900,18885,18830,18890,18830,18875,18865,-10,-20,14,132.0875,271,
al2401,2023-09-21,18935,18875,19000,19115,18960,19035,19030,160,155,16859,160452.835,38509,
al2407,2023-09-21,18875,18865,19080,19100,18980,19100,19050,235,185,3,28.58,271,
al2401,2023-09-22,19035,19030,18900,19240,18885,19145,19110,115,80,24141,230705.935,40042,
al2407,2023-09-22,19100,19050,18885,19145,18885,19025,19060,-25,10,244,2325.5075,286,
al2401,2023-09-25,19145,19110,19230,19230,18990,19120,19105,10,-5,20974,200383.5825,44263,
al2407,2023-09-25,19025,19060,19030,19030,18895,18990,18960,-70,-100,31,293.88,287,
al2401,2023-09-26,19120,19105,19070,19235,19055,19150,19145,45,40,17434,166902.29,47370,
al2407,2023-09-26,18990,18960,19020,19115,18935,19035,19040,75,80,21,199.9325,297,
al2407,2023-09-27,19035,19040,19050,19125,19050,19125,19080,85,40,5,47.71,297,
al2401,2023-09-27,19150,19145,19200,19245,19160,19225,19200,80,55,16187,155419.865,49333,
al2401,2023-09-28,19225,19200,19250,19450,19190,19240,19290,40,90,23025,222106.585,50877,
al2407,2023-09-28,19125,19080,19285,19310,19100,19110,19150,30,70,25,239.39,301,
al2401,2023-10-09,19240,19290,19200,19220,18950,18955,19040,-335,-250,18062,171984.285,53157,
al2407,2023-10-09,19110,19150,19095,19095,18900,18900,18910,-250,-240,74,699.8175,367,
al2401,2023-10-10,18955,19040,18935,19020,18750,18815,18885,-225,-155,28905,272961.83,56276,
al2407,2023-10-10,18900,18910,18860,18965,18825,18825,18910,-85,0,19,179.6875,378,
al2401,2023-10-11,18815,18885,18815,18965,18780,18910,18885,25,0,29214,275897.545,57446,
al2407,2023-10-11,18825,18910,18830,18885,18830,18855,18855,-55,-55,155,1461.5825,430,
al2407,2023-10-12,18855,18855,18825,18890,18770,18840,18815,-15,-40,96,903.3025,460,
al2401,2023-10-12,18910,18885,18870,18950,18825,18920,18900,35,15,23523,222346.94,58430,
al2401,2023-10-13,18920,18900,18895,18900,18730,18765,18800,-135,-100,26522,249364.045,62216,
al2407,2023-10-13,18840,18815,18780,18780,18700,18730,18740,-85,-75,96,899.5825,452,
al2401,2023-10-16,18765,18800,18820,18885,18740,18840,18815,40,15,19819,186449.3525,62307,
al2407,2023-10-16,18730,18740,18720,18820,18720,18820,18740,80,0,22,206.185,467,
al2401,2023-10-17,18840,18815,18830,18840,18615,18630,18695,-185,-120,34043,318249.1025,63073,
al2407,2023-10-17,18820,18740,18775,18775,18590,18640,18660,-100,-80,136,1269.1875,563,
al2401,2023-10-18,18630,18695,18610,18815,18610,18745,18730,50,35,30051,281432.8675,65594,
al2407,2023-10-18,18640,18660,18740,18740,18690,18690,18720,30,60,3,28.085,564,
al2407,2023-10-19,18690,18720,18770,18805,18740,18740,18760,20,40,40,375.23,577,
al2401,2023-10-19,18745,18730,18750,18845,18750,18785,18795,55,65,25695,241531.475,65516,
al2407,2023-10-20,18740,18760,18810,18810,18710,18710,18740,-50,-20,9,84.33,581,
al2401,2023-10-20,18785,18795,18810,18840,18715,18740,18780,-55,-15,20376,191363.28,67199,
al2401,2023-10-23,18740,18780,18765,18805,18635,18660,18710,-120,-70,27983,261818.795,68818,
al2407,2023-10-23,18710,18740,18720,18720,18625,18640,18655,-100,-85,104,970.135,646,
al2401,2023-10-24,18660,18710,18660,18760,18660,18750,18710,40,0,35999,336837.475,72386,
al2407,2023-10-24,18640,18655,18660,18710,18635,18710,18695,55,40,50,467.385,668,
al2401,2023-10-25,18750,18710,18725,19040,18725,19005,18945,295,235,59121,560109.3275,83071,
al2407,2023-10-25,18710,18695,18820,19000,18800,18965,18935,270,240,45,426.0725,680,
al2401,2023-10-26,19005,18945,19030,19050,18855,18960,18940,15,-5,46792,443175.7625,90326,
al2407,2023-10-26,18965,18935,18965,18990,18870,18870,18960,-65,25,17,161.1675,694,
al2407,2023-10-27,18870,18960,18800,18800,18800,18800,18800,-160,-160,1,9.4,693,
al2401,2023-10-27,18960,18940,18920,18955,18760,18865,18830,-75,-110,60236,567167.545,95544,
al2401,2023-10-30,18865,18830,18865,19185,18865,19160,19090,330,260,100049,955054.6625,111516,
al2407,2023-10-30,18800,18800,18960,19085,18960,19060,19035,260,235,59,561.6125,695,
al2401,2023-10-31,19160,19090,19270,19270,19075,19165,19160,75,70,67835,649915.25,115696,
al2407,2023-10-31,19060,19035,19135,19155,19000,19045,19070,10,35,27,257.4775,697,
al2401,2023-11-01,19165,19160,19165,19200,19075,19175,19130,15,-30,48965,468406.505,120439,
al2407,2023-11-01,19045,19070,18990,19070,18970,19060,19010,-10,-60,242,2300.7925,771,
al2401,2023-11-02,19175,19130,19200,19225,19120,19145,19170,15,40,57618,552308.49,124437,
al2407,2023-11-02,19060,19010,19050,19050,18980,18980,19000,-30,-10,76,722.1125,783,
al2401,2023-11-03,19145,19170,19135,19180,19065,19145,19125,-25,-45,44117,421880.65,127173,
al2407,2023-11-03,18980,19000,18965,18985,18935,18955,18965,-45,-35,58,550.0825,815,
al2407,2023-11-06,18955,18965,18970,18980,18900,18965,18945,0,-20,308,2917.585,1022,
al2401,2023-11-06,19145,19125,19145,19200,19020,19195,19115,70,-10,72555,693524.955,126993,
al2407,2023-11-07,18965,18945,19050,19060,19015,19015,19035,70,90,5,47.5975,1022,
al2401,2023-11-07,19195,19115,19250,19330,19120,19130,19225,15,110,72475,696718.2225,129148,
al2401,2023-11-08,19130,19225,19145,19275,19080,19235,19195,10,-30,60174,577523.675,135611,
al2407,2023-11-08,19015,19035,19050,19085,19035,19085,19070,50,35,19,181.175,1023,
al2401,2023-11-09,19235,19195,19200,19245,19085,19105,19155,-90,-40,69037,661280.385,133935,
al2407,2023-11-09,19085,19070,19085,19105,19000,19010,19050,-60,-20,160,1524.3375,1097,
al2401,2023-11-10,19105,19155,19080,19165,19055,19070,19110,-85,-45,62593,598106.5675,136369,
al2407,2023-11-10,19010,19050,18970,19055,18970,19025,19015,-25,-35,28,266.23,1105,
al2401,2023-11-13,19070,19110,19025,19030,18805,18835,18890,-275,-220,116524,1100664.2525,132771,
al2407,2023-11-13,19025,19015,18920,18920,18785,18820,18820,-195,-195,124,1167.0475,1149,
al2407,2023-11-14,18820,18820,18830,18905,18805,18870,18870,50,50,248,2340.32,1258,
al2401,2023-11-14,18835,18890,18870,18975,18855,18930,18910,40,20,62653,592406.005,130985,
al2401,2023-11-15,18930,18910,18925,19085,18905,18960,18980,50,70,89601,850425.7225,131432,
al2407,2023-11-15,18870,18870,18885,18965,18865,18900,18890,30,20,31,292.8075,1253,
al2401,2023-11-16,18960,18980,18960,18980,18890,18935,18930,-45,-50,68559,649012.9075,136174,
al2407,2023-11-16,18900,18890,18875,18875,18855,18875,18870,-15,-20,8,75.485,1254,
al2401,2023-11-17,18935,18930,18920,18945,18745,18820,18835,-110,-95,112388,1058637.5275,145334,
al2407,2023-11-17,18875,18870,18865,18865,18735,18760,18760,-110,-110,211,1979.64,1397,
al2401,2023-11-20,18820,18835,18800,19000,18765,18920,18895,85,60,127709,1206756.5925,151621,
al2407,2023-11-20,18760,18760,18730,18895,18715,18840,18810,80,50,354,3329.545,1588,
al2401,2023-11-21,18920,18895,18905,19000,18865,18875,18930,-20,35,146410,1385915.2075,160985,
al2407,2023-11-21,18840,18810,18840,18875,18780,18785,18845,-25,35,277,2610.1,1726,
al2407,2023-11-22,18785,18845,18760,18830,18675,18700,18720,-145,-125,385,3604.145,1857,
al2401,2023-11-22,18875,18930,18880,18940,18705,18765,18815,-165,-115,175389,1650391.9475,170011,
al2401,2023-11-23,18765,18815,18785,18810,18675,18725,18740,-90,-75,153066,1434382.8525,173546,
al2407,2023-11-23,18700,18720,18745,18745,18640,18685,18675,-35,-45,347,3240.6325,2060,
al2401,2023-11-24,18725,18740,18725,18820,18675,18775,18760,35,20,121762,1142281.81,168976,
al2407,2023-11-24,18685,18675,18680,18740,18675,18735,18710,60,35,351,3284.1375,2297,
al2401,2023-11-27,18775,18760,18750,18945,18680,18905,18845,145,85,204316,1925411.3675,165210,
al2407,2023-11-27,18735,18710,18720,18840,18660,18825,18790,115,80,409,3843,2546,
al2401,2023-11-28,18905,18845,18880,18895,18755,18810,18825,-35,-20,154358,1453145.7225,166915,
al2407,2023-11-28,18825,18790,18800,18800,18665,18695,18735,-95,-55,408,3822.0975,2794,
al2407,2023-11-29,18695,18735,18700,18750,18465,18485,18600,-250,-135,605,5626.6375,3128,
al2401,2023-11-29,18810,18825,18795,18865,18490,18520,18650,-305,-175,250117,2332935.315,187940,
al2401,2023-11-30,18520,18650,18565,18630,18520,18600,18580,-50,-70,152918,1420633.87,176406,
al2407,2023-11-30,18485,18600,18510,18555,18495,18550,18540,-50,-60,474,4394.3825,3498,
al2401,2023-12-01,18600,18580,18545,18625,18500,18530,18555,-50,-25,112038,1039577.6125,175150,
al2407,2023-12-01,18550,18540,18515,18525,18415,18440,18465,-100,-75,234,2160.9275,3657,
al2401,2023-12-04,18530,18555,18545,18765,18530,18595,18645,40,90,135412,1262429.7575,160009,
al2407,2023-12-04,18440,18465,18465,18610,18430,18460,18485,-5,20,267,2468.14,3759,
al2401,2023-12-05,18595,18645,18560,18575,18380,18445,18465,-200,-180,139208,1285537.915,164777,
al2407,2023-12-05,18460,18485,18410,18430,18265,18290,18335,-195,-150,480,4400.96,4086,
al2407,2023-12-06,18290,18335,18245,18300,18185,18290,18250,-45,-85,742,6771.455,4331,
al2401,2023-12-06,18445,18465,18390,18500,18370,18480,18435,15,-30,105083,968664.8425,161904,
al2407,2023-12-07,18290,18250,18265,18300,18190,18250,18250,0,0,197,1798.08,4435,
al2401,2023-12-07,18480,18435,18430,18490,18365,18435,18430,0,-5,88203,812954.95,160084,
al2401,2023-12-08,18435,18430,18410,18525,18305,18490,18410,60,-20,123776,1139456.3,152647,
al2407,2023-12-08,18250,18250,18205,18365,18145,18335,18310,85,60,1110,10164.6925,5265,
al2401,2023-12-11,18490,18410,18470,18530,18240,18380,18355,-30,-55,133912,1228992.195,154700,
al2407,2023-12-11,18335,18310,18350,18375,18145,18240,18190,-70,-120,672,6112.5775,5807,
al2401,2023-12-12,18380,18355,18360,18475,18335,18430,18405,75,50,91352,840785.1375,152418,
al2407,2023-12-12,18240,18190,18205,18275,18135,18235,18210,45,20,501,4562.56,6097,
al2401,2023-12-13,18430,18405,18435,18485,18300,18325,18400,-80,-5,106067,975862.2825,155254,
al2407,2023-12-13,18235,18210,18250,18250,18125,18135,18170,-75,-40,176,1599.0225,6141,
al2401,2023-12-14,18325,18400,18385,18675,18380,18650,18565,250,165,157302,1460383.3475,137623,
al2407,2023-12-14,18135,18170,18195,18355,18155,18340,18270,170,100,239,2183.39,6105,
al2407,2023-12-15,18340,18270,18340,18565,18340,18500,18470,230,200,191,1764.0175,6016,
al2401,2023-12-15,18650,18565,18720,18800,18700,18740,18740,175,175,124760,1169258.0675,128089,
al2401,2023-12-18,18740,18740,18860,18950,18775,18910,18865,170,125,123332,1163468.85,122781,
al2407,2023-12-18,18500,18470,18565,18755,18565,18730,18675,260,205,161,1503.375,5990,
al2401,2023-12-19,18910,18865,18950,19015,18885,18990,18935,125,70,100195,948825.655,107015,
al2407,2023-12-19,18730,18675,18740,18880,18740,18850,18800,175,125,253,2378.3425,5979,
al2401,2023-12-20,18990,18935,18965,19065,18900,19045,18965,110,30,68585,650423.8425,92516,
al2407,2023-12-20,18850,18800,18820,18920,18760,18895,18855,95,55,238,2243.79,6002,
al2401,2023-12-21,19045,18965,19000,19035,18920,19035,18970,70,5,47251,448229.855,86873,
al2407,2023-12-21,18895,18855,18815,18900,18790,18895,18840,40,-15,126,1187.15,6000,
al2407,2023-12-22,18895,18840,18895,19130,18855,19100,18935,260,95,1238,11723.525,6007,
al2401,2023-12-22,19035,18970,18980,19275,18980,19210,19140,240,170,50703,485300.2,80416,
al2401,2023-12-25,19210,19140,19285,19425,19070,19140,19235,0,95,56575,544176.2325,74322,
al2407,2023-12-25,19100,18935,19100,19250,18920,19055,19120,120,185,894,8548.655,6137,
al2401,2023-12-26,19140,19235,19140,19330,19130,19275,19215,40,-20,21974,211157.1475,65568,
al2407,2023-12-26,19055,19120,19025,19165,18970,19140,19040,20,-80,216,2056.8125,6186,
al2401,2023-12-27,19275,19215,19295,19390,19240,19380,19310,165,95,20546,198403.405,59738,
al2407,2023-12-27,19140,19040,19140,19205,19090,19190,19140,150,100,1213,11609.61,6209,
al2401,2023-12-28,19380,19310,19460,19710,19460,19575,19585,265,275,30532,299022.215,49304,
al2407,2023-12-28,19190,19140,19320,19510,19250,19325,19355,185,215,666,6446.5,6177,
al2407,2023-12-29,19325,19355,19235,19385,19205,19295,19290,-60,-65,642,6193.0775,6327,
al2401,2023-12-29,19575,19585,19495,19700,19430,19650,19570,65,-15,20928,204782.035,39215,
al2401,2024-01-02,19650,19570,19505,19845,19440,19820,19585,250,15,12500,122407.1375,37470,
al2407,2024-01-02,19295,19290,19190,19585,19160,19565,19410,275,120,623,6046.58,6525,
al2401,2024-01-03,19820,19585,19765,19770,19400,19510,19505,-75,-80,14230,138800.7,32830,
al2407,2024-01-03,19565,19410,19490,19495,19180,19205,19295,-205,-115,1173,11319.23,7041,
al2401,2024-01-04,19510,19505,19400,19460,19230,19300,19360,-205,-145,13290,128678.4125,26720,
al2407,2024-01-04,19205,19295,19160,19260,19045,19105,19140,-190,-155,913,8738.425,7398,
al2401,2024-01-05,19300,19360,19230,19325,19175,19280,19265,-80,-95,10425,100426.2,23045,
al2407,2024-01-05,19105,19140,19060,19145,19020,19070,19090,-70,-50,481,4591.7725,7525,
al2401,2024-01-08,19280,19265,19210,19325,19110,19185,19170,-80,-95,12465,119508.0125,16315,
al2407,2024-01-08,19070,19090,18995,19145,18950,19050,19005,-40,-85,464,4409.7225,7724,
al2407,2024-01-09,19050,19005,18970,18970,18855,18890,18910,-115,-95,710,6714.41,7762,
al2401,2024-01-09,19185,19170,19080,19135,19000,19050,19070,-120,-100,7945,75755.6125,12380,
al2407,2024-01-10,18890,18910,18955,19045,18890,18915,18970,5,60,1094,10378.4925,7834,
al2401,2024-01-10,19050,19070,19085,19205,19030,19075,19130,5,60,5380,51471.7125,10050,
al2401,2024-01-11,19075,19130,19030,19115,19025,19095,19075,-35,-55,4300,41014.3,7435,
al2407,2024-01-11,18915,18970,18915,18980,18885,18950,18935,-20,-35,663,6277.245,7989,
al2401,2024-01-12,19095,19075,19090,19120,19015,19080,19065,5,-10,5005,47713.5375,3760,
al2407,2024-01-12,18950,18935,18930,18955,18845,18900,18890,-35,-45,595,5620.3725,8073,
al2401,2024-01-15,19080,19065,19050,19115,18925,18950,19000,-115,-65,2990,28407.55,2055,
al2407,2024-01-15,18900,18890,18870,18930,18735,18785,18845,-105,-45,991,9337.725,8313,
al2407,2024-01-16,18785,18845,18745,18805,18675,18705,18735,-140,-110,1807,16929.545,9084,
al2501,2024-01-16,18765,18765,18680,18680,18680,18680,18680,-85,-85,1,9.34,1,
al2501,2024-01-17,18680,18680,18695,18695,18645,18645,18675,-35,-5,5,46.6975,4,
al2407,2024-01-17,18705,18735,18735,18830,18720,18725,18775,-10,40,652,6121.02,9397,
al2407,2024-01-18,18725,18775,18710,18720,18635,18720,18675,-55,-100,769,7181.775,9490,
al2501,2024-01-18,18645,18675,18595,18640,18595,18640,18620,-35,-55,20,186.2475,22,
al2407,2024-01-19,18720,18675,18665,18665,18550,18585,18590,-90,-85,824,7660.5575,9753,
al2501,2024-01-19,18640,18620,18545,18605,18505,18505,18560,-115,-60,5,46.4025,24,
al2407,2024-01-22,18585,18590,18600,18710,18550,18610,18635,20,45,1488,13864.4625,10394,
al2501,2024-01-22,18505,18560,18600,18600,18600,18600,18600,40,40,1,9.3,23,
al2407,2024-01-23,18610,18635,18620,18625,18535,18580,18560,-55,-75,1461,13560.3975,11077,
al2501,2024-01-23,18600,18600,18500,18500,18495,18495,18495,-105,-105,61,564.2475,84,
al2407,2024-01-24,18580,18560,18660,18880,18645,18870,18825,310,265,1533,14429.825,11489,
al2501,2024-01-24,18495,18495,18700,18795,18700,18795,18745,300,250,9,84.3675,88,
al2501,2024-01-25,18795,18745,18660,18705,18605,18605,18655,-140,-90,3,27.985,89,
al2407,2024-01-25,18870,18825,18900,18925,18735,18770,18790,-55,-35,1016,9547.2825,11510,
al2407,2024-01-26,18770,18790,18815,18990,18775,18940,18935,150,145,2472,23408.7825,11726,
al2501,2024-01-26,18605,18655,18715,18840,18715,18840,18750,185,95,6,56.2575,91,
al2407,2024-01-29,18940,18935,18980,19075,18800,18875,18925,-60,-10,2809,26581.8175,12033,
al2501,2024-01-29,18840,18750,18880,18930,18705,18715,18840,-35,90,17,160.1575,93,
al2407,2024-01-30,18875,18925,18900,18930,18825,18850,18870,-75,-55,904,8531.22,12045,
al2501,2024-01-30,18715,18840,18790,18865,18740,18740,18790,-100,-50,11,103.365,97,
al2407,2024-01-31,18850,18870,18860,18940,18835,18880,18875,10,5,1331,12563.16,11862,
al2501,2024-01-31,18740,18790,18760,18760,18720,18745,18740,-45,-50,18,168.66,100,
al2501,2024-02-01,18745,18740,18860,18860,18540,18570,18650,-170,-90,79,736.7525,140,
al2407,2024-02-01,18880,18875,18905,19030,18760,18790,18865,-85,-10,2120,20000.4725,12197,
al2407,2024-02-02,18790,18865,18770,18850,18700,18720,18760,-145,-105,1350,12663.8725,12525,
al2501,2024-02-02,18570,18650,18545,18595,18460,18460,18545,-190,-105,246,2281.365,338,
al2407,2024-02-05,18720,18760,18745,18770,18630,18675,18685,-85,-75,4037,37725.5975,14206,
al2501,2024-02-05,18460,18545,18515,18515,18395,18435,18435,-110,-110,67,617.715,390,
al2407,2024-02-06,18675,18685,18635,18715,18610,18700,18650,15,-35,1380,12869.6575,14330,
al2501,2024-02-06,18435,18435,18380,18475,18380,18455,18425,20,-10,69,635.8,438,
al2407,2024-02-07,18700,18650,18705,18825,18705,18745,18780,95,130,3274,30748.4025,14456,
al2501,2024-02-07,18455,18425,18490,18545,18430,18435,18485,10,60,99,915.1575,473,
al2501,2024-02-08,18435,18485,18425,18550,18415,18550,18475,65,-10,22,203.2375,470,
al2407,2024-02-08,18745,18780,18760,18810,18685,18745,18720,-35,-60,1088,10186.3275,14577,
al2501,2024-02-19,18550,18475,18615,18615,18350,18410,18405,-65,-70,51,469.445,499,
al2407,2024-02-19,18745,18720,18745,18865,18595,18635,18690,-85,-30,4557,42587.8,16524,
al2407,2024-02-20,18635,18690,18660,18660,18500,18540,18565,-150,-125,6843,63532.025,19659,
al2501,2024-02-20,18410,18405,18380,18425,18250,18250,18330,-155,-75,83,760.77,566,
al2407,2024-02-21,18540,18565,18550,18850,18520,18750,18675,185,110,6620,61818.395,20632,
al2501,2024-02-21,18250,18330,18535,18575,18315,18490,18440,160,110,123,1134.15,563,
al2407,2024-02-22,18750,18675,18750,18780,18565,18650,18660,-25,-15,4010,37415.92,21283,
al2501,2024-02-22,18490,18440,18490,18490,18330,18415,18425,-25,-15,28,257.975,564,
al2407,2024-02-23,18650,18660,18630,18735,18540,18680,18615,20,-45,5908,55000.4025,23770,
al2501,2024-02-23,18415,18425,18360,18460,18345,18430,18400,5,-25,37,340.45,573,
al2407,2024-02-26,18680,18615,18650,18685,18560,18645,18615,30,0,4577,42604.51,24509,
al2501,2024-02-26,18430,18400,18400,18430,18355,18390,18385,-10,-15,51,468.845,598,
al2501,2024-02-27,18390,18385,18440,18505,18405,18460,18450,75,65,11,101.495,597,
al2407,2024-02-27,18645,18615,18640,18755,18610,18695,18675,80,60,6480,60514.9675,25504,
al2407,2024-02-28,18695,18675,18710,18725,18615,18625,18660,-50,-15,5570,51973.42,25968,
al2501,2024-02-28,18460,18450,18475,18495,18405,18425,18440,-25,-10,25,230.5325,602,
al2407,2024-02-29,18625,18660,18650,18750,18595,18725,18670,65,10,4840,45191.23,26178,
al2501,2024-02-29,18425,18440,18400,18535,18400,18515,18495,75,55,40,369.9225,590,
al2407,2024-03-01,18725,18670,18755,18805,18740,18780,18780,110,110,4811,45175.905,26481,
al2501,2024-03-01,18515,18495,18580,18585,18535,18580,18560,85,65,20,185.6325,584,
al2407,2024-03-04,18780,18780,18795,18860,18755,18840,18795,60,15,4573,42978.6275,26608,
al2501,2024-03-04,18580,18560,18585,18640,18540,18640,18595,80,35,47,437.05,571,
al2501,2024-03-05,18640,18595,18585,18725,18585,18685,18680,90,85,76,709.9875,563,
al2407,2024-03-05,18840,18795,18840,18955,18800,18895,18900,100,105,5237,49491.21,27174,
al2407,2024-03-06,18895,18900,18915,18960,18805,18895,18870,-5,-30,5139,48499.1825,28116,
al2501,2024-03-06,18685,18680,18720,18740,18635,18700,18695,20,15,25,233.7225,554,
al2407,2024-03-07,18895,18870,18920,18990,18880,18960,18935,90,65,5657,53570.225,28379,
al2501,2024-03-07,18700,18695,18725,18755,18705,18755,18725,60,30,16,149.8225,543,
al2407,2024-03-08,18960,18935,19050,19065,18970,19025,19020,90,85,4997,47532.16,29224,
al2501,2024-03-08,18755,18725,18830,18860,18765,18825,18830,100,105,251,2363.51,701,
al2407,2024-03-11,19025,19020,19030,19045,18910,19005,18985,-15,-35,5365,50930.775,30284,
al2501,2024-03-11,18825,18830,18830,18830,18730,18820,18795,-10,-35,40,375.92,693,
al2501,2024-03-12,18820,18795,18815,18860,18770,18770,18810,-25,15,10,94.0525,694,
al2407,2024-03-12,19005,18985,19010,19070,18965,19020,19025,35,40,4048,38506.665,30441,
al2407,2024-03-13,19020,19025,19040,19100,18970,19080,19040,55,15,4022,38296.11,31191,
al2501,2024-03-13,18770,18810,18820,18890,18780,18870,18865,60,55,100,943.4775,765,
al2407,2024-03-14,19080,19040,19120,19200,19025,19025,19130,-15,90,8262,79032.205,32794,
al2501,2024-03-14,18870,18865,18895,19000,18830,18830,18930,-35,65,173,1637.84,873,
al2407,2024-03-15,19025,19130,19020,19180,18995,19155,19115,25,-15,7629,72915.37,34966,
al2501,2024-03-15,18830,18930,18815,18980,18815,18975,18930,45,0,144,1363.17,972,
al2407,2024-03-18,19155,19115,19155,19245,19120,19165,19165,50,50,12158,116520.9875,35044,
al2501,2024-03-18,18975,18930,18980,19030,18905,18980,18960,50,30,226,2142.9475,1037,
al2407,2024-03-19,19165,19165,19195,19330,19090,19135,19205,-30,40,12203,117187.1975,35510,
al2501,2024-03-19,18980,18960,19000,19090,18865,18865,18995,-95,35,350,3324.4,1169,
al2501,2024-03-20,18865,18995,18895,19010,18895,18980,18975,-15,-20,190,1803.045,1278,
al2407,2024-03-20,19135,19205,19090,19245,19080,19220,19180,15,-25,10903,104564.23,36896,
al2407,2024-03-21,19220,19180,19235,19400,19225,19400,19315,220,135,16015,154693.8125,38390,
al2501,2024-03-21,18980,18975,19045,19180,19005,19145,19135,170,160,356,3406.63,1430,
al2407,2024-03-22,19400,19315,19450,19460,19280,19340,19340,25,25,19119,184927.3525,41559,
al2501,2024-03-22,19145,19135,19165,19165,19065,19120,19115,-15,-20,58,554.4425,1415,
al2407,2024-03-25,19340,19340,19345,19525,19345,19420,19430,80,90,21329,207211.5325,43843,
al2501,2024-03-25,19120,19115,19125,19255,19125,19200,19205,85,90,116,1113.9125,1385,
al2407,2024-03-26,19420,19430,19475,19590,19455,19485,19520,55,90,24887,242903.5775,49838,
al2501,2024-03-26,19200,19205,19270,19350,19270,19270,19305,65,100,69,666.0375,1375,
al2501,2024-03-27,19270,19305,19290,19295,19190,19265,19240,-40,-65,150,1443.2725,1391,
al2407,2024-03-27,19485,19520,19500,19525,19370,19410,19445,-110,-75,24456,237785.3475,56470,
al2407,2024-03-28,19410,19445,19375,19495,19355,19465,19435,20,-10,17529,170361,59443,
al2501,2024-03-28,19265,19240,19180,19310,19180,19300,19270,60,30,166,1599.7025,1495,
al2407,2024-03-29,19465,19435,19515,19700,19490,19660,19595,225,160,26366,258331.8,62614,
al2501,2024-03-29,19300,19270,19315,19460,19315,19430,19380,160,110,150,1453.61,1516,
al2407,2024-04-01,19660,19595,19655,19750,19560,19715,19655,120,60,22743,223533.52,67014,
al2501,2024-04-01,19430,19380,19490,19525,19330,19445,19430,65,50,88,855.045,1516,
al2407,2024-04-02,19715,19655,19700,19765,19640,19755,19695,100,40,21591,212654.4225,70553,
al2501,2024-04-02,19445,19430,19460,19470,19370,19450,19430,20,0,61,592.6225,1538,
al2501,2024-04-03,19450,19430,19485,19645,19485,19615,19580,185,150,97,949.7775,1549,
al2407,2024-04-03,19755,19695,19815,19915,19765,19880,19845,185,150,37460,371770.85,76348,
al2501,2024-04-08,19615,19580,19735,20090,19675,19885,19910,305,330,117,1164.8125,1567,
al2407,2024-04-08,19880,19845,20100,20360,19915,20160,20125,315,280,48778,490905.81,86343,
al2407,2024-04-09,20160,20125,20180,20285,20085,20200,20195,75,70,35864,362183.8075,91312,
al2501,2024-04-09,19885,19910,19985,20035,19880,19940,19965,30,55,665,6639.38,1835,
al2407,2024-04-10,20200,20195,20255,20495,20200,20480,20365,285,170,58317,593929.1025,100775,
al2501,2024-04-10,19940,19965,20035,20230,19960,20230,20075,265,110,452,4536.985,1944,
al2407,2024-04-11,20480,20365,20500,20550,20200,20430,20385,65,20,63691,649286.38,107147,
al2501,2024-04-11,20230,20075,20145,20305,19970,20185,20135,110,60,283,2849.11,1949,
al2407,2024-04-12,20430,20385,20410,20750,20355,20705,20560,320,175,61982,637266.16,114782,
al2501,2024-04-12,20185,20135,20195,20525,20135,20505,20410,370,275,231,2357.7275,2002,
al2407,2024-04-15,20705,20560,20725,21305,20580,20680,20850,120,290,125595,1309403.3325,115427,
al2501,2024-04-15,20505,20410,20620,21290,20410,20530,20695,120,285,690,7141.27,2217,
al2501,2024-04-16,20530,20695,20550,20550,20025,20055,20265,-640,-430,503,5096.6675,2278,
al2407,2024-04-16,20680,20850,20650,20705,20160,20165,20395,-685,-455,99613,1016034.38,116909,
al2407,2024-04-17,20165,20395,20195,20375,20155,20355,20295,-40,-100,71469,725312.895,119356,
al2501,2024-04-17,20055,20265,20100,20230,20080,20195,20160,-70,-105,409,4123.28,2367,
al2407,2024-04-18,20355,20295,20375,20490,20225,20460,20385,165,90,71206,725800.5875,124325,
al2501,2024-04-18,20195,20160,20255,20310,20095,20295,20235,135,75,486,4917.7925,2634,
al2407,2024-04-19,20460,20385,20490,20560,20270,20355,20385,-30,0,95720,975679.665,124430,
al2501,2024-04-19,20295,20235,20300,20440,20135,20240,20240,5,5,416,4210.0225,2813,
al2407,2024-04-22,20355,20385,20400,20835,20390,20520,20580,135,195,123484,1270714.1175,130510,
al2501,2024-04-22,20240,20240,20345,20710,20300,20405,20470,165,230,843,8629.5575,3106,
al2501,2024-04-23,20405,20470,20390,20480,19950,20000,20095,-470,-375,1202,12077.5975,3564,
al2407,2024-04-23,20520,20580,20535,20610,20155,20220,20380,-360,-200,116884,1191051.865,140436,
al2407,2024-04-24,20220,20380,19995,20325,19970,20270,20175,-110,-205,108184,1091392.12,150811,
al2501,2024-04-24,20000,20095,19840,20165,19825,20100,19965,5,-130,363,3624.485,3547,
al2407,2024-04-25,20270,20175,20300,20510,20250,20500,20360,325,185,100986,1028044.78,161996,
al2501,2024-04-25,20100,19965,20100,20290,20090,20290,20135,325,170,929,9354.65,4104,
al2407,2024-04-26,20500,20360,20560,20665,20370,20640,20520,280,160,91673,940770.645,174892,
al2501,2024-04-26,20290,20135,20300,20450,20200,20445,20300,310,165,416,4222.75,4177,
al2407,2024-04-29,20640,20520,20640,20775,20540,20560,20655,40,135,104272,1076965.97,186333,
al2501,2024-04-29,20445,20300,20480,20535,20345,20345,20450,45,150,394,4029.5675,4317,
al2407,2024-04-30,20560,20655,20600,20750,20520,20595,20630,-60,-25,95661,986898.365,194678,
al2501,2024-04-30,20345,20450,20465,20560,20370,20480,20485,30,35,894,9157.6275,4907,
al2501,2024-05-06,20480,20485,20420,20670,20385,20630,20590,145,105,267,2749.2275,4995,
al2407,2024-05-06,20595,20630,20495,20820,20490,20760,20695,130,65,67341,696966.085,202463,
al2407,2024-05-07,20760,20695,20800,20840,20600,20650,20720,-45,25,84834,878909.19,210123,
al2501,2024-05-07,20630,20590,20630,20680,20480,20500,20550,-90,-40,485,4983.8475,5207,
al2407,2024-05-08,20650,20720,20630,20670,20410,20440,20510,-280,-210,123173,1263342.655,212497,
al2501,2024-05-08,20500,20550,20490,20535,20315,20330,20410,-220,-140,486,4960.4325,5366,
al2407,2024-05-09,20440,20510,20390,20705,20385,20615,20585,105,75,90180,928353.4075,220905,
al2501,2024-05-09,20330,20410,20335,20545,20320,20465,20470,55,60,707,7236.5725,5770,
al2407,2024-05-10,20615,20585,20625,20790,20580,20745,20675,160,90,93037,961966.225,231738,
al2501,2024-05-10,20465,20470,20495,20605,20435,20605,20495,135,25,518,5308.85,5724,
al2501,2024-05-13,20605,20495,20440,20465,20240,20415,20375,-80,-120,789,8038.4175,6026,
al2407,2024-05-13,20745,20675,20615,20655,20350,20595,20510,-80,-165,154057,1579915.185,227079,
al2407,2024-05-14,20595,20510,20680,20745,20520,20575,20635,65,125,112740,1163270.8425,231417,
al2501,2024-05-14,20415,20375,20530,20565,20390,20450,20480,75,105,585,5991.445,6374,
al2407,2024-05-15,20575,20635,20490,20570,20420,20530,20485,-105,-150,114789,1175873.0025,233423,
al2501,2024-05-15,20450,20480,20350,20455,20310,20435,20360,-45,-120,683,6953.765,6742,
al2407,2024-05-16,20530,20485,20530,20935,20450,20800,20735,315,250,229497,2379339.06,277003,
al2501,2024-05-16,20435,20360,20500,20810,20380,20675,20540,315,180,1144,11750.185,7050,
al2407,2024-05-17,20800,20735,20670,20995,20650,20995,20825,260,90,214584,2234644.075,305906,
al2501,2024-05-17,20675,20540,20560,20880,20560,20880,20760,340,220,604,6270.8875,7184,
al2501,2024-05-20,20880,20760,20915,21250,20860,20920,21025,160,265,705,7412.5925,7269,
al2407,2024-05-20,20995,20825,20965,21370,20925,20945,21080,120,255,335211,3533257.9275,292540,
al2407,2024-05-21,20945,21080,20890,21565,20820,21095,21135,15,55,484283,5117858.09,289420,
al2501,2024-05-21,20920,21025,20850,21490,20805,21020,21090,-5,65,993,10473.2125,7342,
al2407,2024-05-22,21095,21135,21350,21620,21170,21375,21390,240,255,408618,4370467.7525,297959,
al2501,2024-05-22,21020,21090,21330,21535,21180,21405,21355,315,265,492,5254.5525,7284,
al2407,2024-05-23,21375,21390,21110,21220,20700,20780,20955,-610,-435,320362,3357080.74,256751,
al2501,2024-05-23,21405,21355,21165,21270,20755,20815,20865,-540,-490,2140,22327.755,7661,
al2407,2024-05-24,20780,20955,20770,20980,20770,20855,20890,-100,-65,207880,2171633.74,240967,
al2501,2024-05-24,20815,20865,20860,20990,20830,20860,20875,-5,10,1852,19334.5725,7799,
al2407,2024-05-27,20855,20890,20975,21085,20910,20910,21000,20,110,193586,2032899.11,237514,
al2501,2024-05-27,20860,20875,21020,21060,20940,20940,21000,65,125,478,5019.5725,7796,
al2407,2024-05-28,20910,21000,20925,21315,20925,21190,21185,190,185,236297,2503190.5975,238540,
al2501,2024-05-28,20940,21000,20995,21360,20995,21285,21235,285,235,346,3674.32,7768,
al2501,2024-05-29,21285,21235,21350,21640,21230,21625,21460,390,225,1008,10818.2675,7760,
al2407,2024-05-29,21190,21185,21250,21520,21125,21520,21305,335,120,258576,2754631.2525,246022,
al2407,2024-05-30,21520,21305,21350,22040,21350,21560,21740,255,435,572669,6225859.69,243775,
al2501,2024-05-30,21625,21460,21550,22095,21500,21710,21825,250,365,3246,35429.7575,8762,
al2407,2024-05-31,21560,21740,21360,21555,21280,21535,21440,-205,-300,298569,3201034.17,225542,
al2501,2024-05-31,21710,21825,21605,21675,21430,21650,21570,-175,-255,928,10009.23,8565,
al2407,2024-06-03,21535,21440,21630,21670,21070,21170,21280,-270,-160,336554,3581521.8675,202109,
al2501,2024-06-03,21650,21570,21770,21990,21195,21290,21415,-280,-155,856,9167.5925,8422,
al2407,2024-06-04,21170,21280,21280,21465,21160,21395,21295,115,15,225850,2405162.4325,189981,
al2501,2024-06-04,21290,21415,21380,21535,21330,21490,21430,75,15,553,5926.405,8459,
al2501,2024-06-05,21490,21430,21370,21430,21220,21235,21330,-195,-100,1114,11883.1475,8315,
al2407,2024-06-05,21395,21295,21295,21350,21120,21135,21245,-160,-50,201627,2142240.73,177411,
al2407,2024-06-06,21135,21245,21090,21365,21050,21280,21225,35,-20,174539,1852653.795,171189,
al2501,2024-06-06,21235,21330,21200,21435,21150,21405,21315,75,-15,721,7685.0525,8355,
al2407,2024-06-07,21280,21225,21265,21445,21195,21220,21300,-5,75,157654,1679299.9475,160267,
al2501,2024-06-07,21405,21315,21375,21570,21335,21380,21425,65,110,534,5721.095,8340,
al2407,2024-06-11,21220,21300,21020,21025,20820,20905,20920,-395,-380,148974,1558531.6275,150384,
al2501,2024-06-11,21380,21425,21065,21200,21025,21060,21095,-365,-330,851,8976.3825,8519,
al2407,2024-06-12,20905,20920,20820,20900,20730,20800,20820,-120,-100,138313,1439841.89,140419,
al2501,2024-06-12,21060,21095,21010,21040,20885,20960,20975,-135,-120,576,6042.07,8712,
al2501,2024-06-13,20960,20975,21070,21110,20760,20775,20875,-200,-100,754,7870.7725,8860,
al2407,2024-06-13,20800,20820,20970,20980,20615,20645,20750,-175,-70,148462,1540332.3925,132551,
al2501,2024-06-14,20775,20875,20825,20870,20685,20720,20750,-155,-125,632,6557.56,8921,
al2407,2024-06-14,20645,20750,20730,20740,20545,20565,20625,-185,-125,100498,1036462.18,125287,
al2407,2024-06-17,20565,20625,20510,20535,20240,20280,20390,-345,-235,107399,1095104.4825,102172,
al2501,2024-06-17,20720,20750,20645,20655,20350,20375,20475,-375,-275,1185,12131.4375,9017,
al2407,2024-06-18,20280,20390,20240,20445,20230,20360,20360,-30,-30,52899,538626.0375,91448,
al2501,2024-06-18,20375,20475,20320,20555,20320,20445,20465,-30,-10,847,8667.1125,9146,
al2407,2024-06-19,20360,20360,20340,20500,20295,20435,20430,75,70,31989,326793.1625,86466,
al2501,2024-06-19,20445,20465,20440,20610,20425,20550,20550,85,85,384,3946.39,9174,
al2407,2024-06-20,20435,20430,20455,20555,20450,20555,20500,125,70,28023,287295.8575,80475,
al2501,2024-06-20,20550,20550,20600,20675,20560,20660,20605,110,55,374,3854.005,9210,
al2501,2024-06-21,20660,20605,20645,20720,20530,20550,20610,-55,5,320,3297.8475,9205,
al2407,2024-06-21,20555,20500,20565,20600,20415,20430,20495,-70,-5,27418,281024.7475,76720,
al2407,2024-06-24,20430,20495,20370,20430,20280,20325,20350,-170,-145,41801,425350.235,69410,
al2501,2024-06-24,20550,20610,20480,20540,20405,20405,20460,-205,-150,2796,28604.395,9948,
al2407,2024-06-25,20325,20350,20350,20420,20245,20275,20305,-75,-45,26853,272649.6125,61655,
al2501,2024-06-25,20405,20460,20440,20515,20320,20390,20390,-70,-70,4557,46463.5575,10405,
al2407,2024-06-26,20275,20305,20245,20300,20105,20275,20190,-30,-115,35790,361328.815,52930,
al2501,2024-06-26,20390,20390,20430,20430,20215,20405,20310,15,-80,1747,17742.5875,10097,
al2407,2024-06-27,20275,20190,20295,20320,20140,20150,20220,-40,30,23343,236019.8225,45086,
al2501,2024-06-27,20405,20310,20430,20440,20290,20305,20340,-5,30,1064,10822.095,10219,
al2407,2024-06-28,20150,20220,20195,20280,20130,20265,20215,45,-5,17109,172955.16,37600,
al2501,2024-06-28,20305,20340,20340,20450,20300,20450,20380,110,40,834,8500.2175,10280,
al2501,2024-07-01,20450,20380,20530,20535,20355,20445,20435,65,55,455,4649.17,10238,
al2407,2024-07-01,20265,20215,20350,20365,20180,20275,20245,60,30,11975,121236.475,35120,
al2407,2024-07-02,20275,20245,20300,20350,20230,20345,20300,100,55,10050,102013.7,32085,
al2501,2024-07-02,20445,20435,20500,20515,20390,20485,20455,50,20,261,2669.91,10262,
al2407,2024-07-03,20345,20300,20350,20435,20310,20435,20365,135,65,10545,107399.05,29180,
al2501,2024-07-03,20485,20455,20510,20615,20470,20615,20550,160,95,458,4706.9625,10371,
al2407,2024-07-04,20435,20365,20450,20465,20350,20385,20410,20,45,9385,95775.0875,25905,
al2501,2024-07-04,20615,20550,20650,20685,20560,20560,20635,10,85,440,4540.14,10461,
al2407,2024-07-05,20385,20410,20370,20455,20250,20255,20320,-155,-90,10825,109987.5,23190,
al2501,2024-07-05,20560,20635,20580,20650,20445,20470,20525,-165,-110,1133,11628.6225,10982,
al2501,2024-07-08,20470,20525,20470,20615,20465,20495,20540,-30,15,507,5206.9225,11042,
al2407,2024-07-08,20255,20320,20305,20415,20260,20300,20295,-20,-25,9745,98908.4375,20025,
al2407,2024-07-09,20300,20295,20340,20430,20280,20390,20360,95,65,7345,74779.4875,16555,
al2501,2024-07-09,20495,20540,20510,20610,20480,20600,20540,60,0,680,6984.5175,11222,
al2407,2024-07-10,20390,20360,20365,20385,20010,20090,20235,-270,-125,9170,92780.475,14605,
al2501,2024-07-10,20600,20540,20600,20600,20205,20250,20360,-290,-180,1654,16839.3675,11639,
al2407,2024-07-11,20090,20235,20185,20225,20100,20170,20165,-65,-70,6165,62161.6125,11030,
al2501,2024-07-11,20250,20360,20300,20385,20280,20340,20340,-20,-20,563,5727.115,11701,
al2407,2024-07-12,20170,20165,20220,20220,19850,19965,19990,-200,-175,4735,47329.825,8815,
al2501,2024-07-12,20340,20340,20420,20425,20065,20165,20170,-175,-170,2179,21979.0025,11974,
al2501,2024-07-15,20165,20170,20165,20275,20075,20090,20155,-80,-15,1610,16226.9125,11994,
al2407,2024-07-15,19965,19990,19930,20045,19475,19890,19950,-100,-40,4490,44790.35,8235,
al2501,2024-07-16,20090,20155,20130,20150,19920,19995,19985,-160,-170,3614,36117.665,11900,
al2501,2024-07-17,19995,19985,19890,20025,19855,19890,19920,-95,-65,2316,23069.275,12083,
al2501,2024-07-18,19890,19920,19925,19950,19785,19950,19840,30,-80,4050,40182.6875,13124,
al2501,2024-07-19,19950,19840,19830,19855,19740,19805,19790,-35,-50,3127,30946.72,13268,
al2501,2024-07-22,19805,19790,19760,19840,19640,19640,19725,-150,-65,3213,31690.845,13203,
al2501,2024-07-23,19640,19725,19550,19640,19450,19470,19510,-255,-215,4915,47954.0075,13844,
al2501,2024-07-24,19470,19510,19475,19565,19395,19490,19490,-20,-20,3709,36145.09,15037,
al2501,2024-07-25,19490,19490,19515,19525,19225,19360,19345,-130,-145,5198,50284.94,14871,
al2501,2024-07-26,19360,19345,19320,19465,19270,19425,19345,80,0,2899,28043.42,14984,
al2501,2024-07-29,19425,19345,19455,19575,19370,19385,19465,40,120,2472,24061.5975,14799,
al2501,2024-07-30,19385,19465,19335,19365,19125,19135,19200,-330,-265,6944,66663.65,15183,
al2501,2024-07-31,19135,19200,19050,19345,18995,19330,19180,130,-20,4292,41163.495,15715,
al2501,2024-08-01,19330,19180,19490,19575,19360,19425,19455,245,275,2252,21911.0525,15788,
al2501,2024-08-02,19425,19455,19425,19505,19265,19395,19375,-60,-80,3962,38385.11,16110,
al2501,2024-08-05,19395,19375,19340,19380,19055,19090,19150,-285,-225,5495,52615.22,17286,
al2501,2024-08-06,19090,19150,19040,19165,18930,18990,19030,-160,-120,3902,37129.695,17419,
al2501,2024-08-07,18990,19030,19080,19215,19070,19115,19140,85,110,4439,42488.45,17984,
al2501,2024-08-08,19115,19140,19110,19215,19010,19125,19105,-15,-35,5056,48308.3325,18854,
al2501,2024-08-09,19125,19105,19080,19420,19080,19325,19290,220,185,6197,59775.4575,19690,
al2501,2024-08-12,19325,19290,19400,19450,19260,19365,19345,75,55,3220,31149.9575,19738,
al2501,2024-08-13,19365,19345,19365,19415,19140,19200,19270,-145,-75,4530,43655.465,20780,
al2501,2024-08-14,19200,19270,19200,19335,19165,19195,19220,-75,-50,3660,35180.6175,21240,
al2501,2024-08-15,19195,19220,19195,19390,19190,19365,19285,145,65,3898,37589.0575,21319,
al2501,2024-08-16,19365,19285,19390,19570,19320,19540,19465,255,180,5902,57449.8225,22053,
al2501,2024-08-19,19540,19465,19490,19730,19425,19670,19645,205,180,12011,117987.4975,25848,
al2501,2024-08-20,19670,19645,19735,19815,19640,19760,19740,115,95,8885,87699.04,25915,
al2501,2024-08-21,19760,19740,19935,19935,19710,19880,19805,140,65,10096,100000.665,26266,
al2501,2024-08-22,19880,19805,19860,20000,19760,19925,19895,120,90,5048,50216.3575,27000,
al2501,2024-08-23,19925,19895,19910,19950,19820,19865,19905,-30,10,7158,71241.4825,29250,
al2501,2024-08-26,19865,19905,19940,20060,19910,20025,19990,120,85,4684,46824.04,29828,
al2501,2024-08-27,20025,19990,20025,20075,19925,19995,19990,5,0,3429,34276.275,30042,
al2501,2024-08-28,19995,19990,20010,20140,19995,20015,20065,25,75,3736,37486.7075,30448,
al2501,2024-08-29,20015,20065,19900,20020,19740,19805,19880,-260,-185,6474,64356.1575,30574,
al2501,2024-08-30,19805,19880,19800,19975,19735,19960,19860,80,-20,5745,57048.685,30817,
al2501,2024-09-02,19960,19860,19945,19945,19630,19645,19775,-215,-85,4999,49433.2825,31082,
al2501,2024-09-03,19645,19775,19615,19715,19590,19620,19650,-155,-125,4949,48632.2075,32008,
al2501,2024-09-04,19620,19650,19565,19650,19460,19465,19535,-185,-115,9376,91593.86,33067,
al2501,2024-09-05,19465,19535,19395,19520,19300,19305,19405,-230,-130,8860,85970.81,34527,
al2501,2024-09-06,19305,19405,19350,19465,19280,19385,19360,-20,-45,8333,80670.23,34362,
al2501,2024-09-09,19385,19360,19400,19460,19150,19285,19235,-75,-125,10802,103914.6775,35461,
al2501,2024-09-10,19285,19235,19250,19495,19215,19415,19350,180,115,12197,118017.5625,36212,
al2501,2024-09-11,19415,19350,19380,19455,19255,19450,19320,100,-30,16066,155233.2325,36990,
al2501,2024-09-12,19450,19320,19480,19710,19400,19695,19600,375,280,15708,153965.565,37414,
al2501,2024-09-13,19695,19600,19795,19835,19700,19760,19760,160,160,9803,96854.59,36620,
al2501,2024-09-18,19760,19760,19990,20025,19845,19930,19920,170,160,10855,108117.345,37704,
al2501,2024-09-19,19930,19920,20025,20200,19835,20140,19990,220,70,19503,194961.0825,39733,
al2501,2024-09-20,20140,19990,20110,20155,20000,20085,20070,95,80,14003,140528.615,41644,
al2501,2024-09-23,20085,20070,19995,20010,19765,19770,19850,-300,-220,18112,179779.7375,44268,
al2501,2024-09-24,19770,19850,19820,20045,19820,20010,19930,160,80,12972,129293.1575,43073,
al2501,2024-09-25,20010,19930,20105,20360,20070,20080,20190,150,260,26416,266729.7125,44996,
al2501,2024-09-26,20080,20190,20040,20205,20025,20200,20120,10,-70,14578,146685.155,46047,
al2501,2024-09-27,20200,20120,20400,20515,20275,20505,20400,385,280,22457,229102.4375,48127,
al2501,2024-09-30,20505,20400,20460,20695,20380,20515,20550,115,150,28181,289585.6025,50976,
al2501,2024-10-08,20515,20550,20665,20970,20595,20660,20735,110,185,32343,335342.265,51931,
al2501,2024-10-09,20660,20735,20620,20690,20520,20545,20610,-190,-125,25609,263923.4475,54061,
al2501,2024-10-10,20545,20610,20440,20665,20355,20605,20525,-5,-85,35671,366107.2725,58820,
al2501,2024-10-11,20605,20525,20675,20860,20650,20830,20750,305,225,31904,331061.7625,61470,
al2501,2024-10-14,20830,20750,20950,20990,20745,20895,20890,145,140,33051,345267.1,67653,
al2501,2024-10-15,20895,20890,20750,20875,20565,20640,20745,-250,-145,32817,340407.6475,68681,
al2501,2024-10-16,20640,20745,20590,20775,20590,20720,20705,-25,-40,23989,248370.1825,70748,
al2501,2024-10-17,20720,20705,20795,20870,20535,20555,20745,-150,40,32312,335163.1025,75034,
al2501,2024-10-18,20555,20745,20595,20715,20525,20625,20600,-120,-145,30656,315808.6275,77543,
al2501,2024-10-21,20625,20600,20730,20930,20645,20915,20800,315,200,45903,477498.4675,84835,
al2501,2024-10-22,20915,20800,20835,20880,20685,20835,20795,35,-5,36920,383890.0775,90099,
al2501,2024-10-23,20835,20795,20915,21000,20830,20880,20915,85,120,47318,494911.275,99060,
al2501,2024-10-24,20880,20915,20845,21195,20835,21110,21060,195,145,72458,763040.545,109013,
al2501,2024-10-25,21110,21060,21005,21095,20650,20805,20865,-255,-195,75462,787379.3875,116112,
al2501,2024-10-28,20805,20865,20910,21045,20880,20930,20965,65,100,60057,629690.24,122974,
al2501,2024-10-29,20930,20965,20880,20900,20740,20820,20810,-145,-155,57039,593586.525,127278,
al2501,2024-10-30,20820,20810,20850,20905,20745,20870,20830,60,20,61389,639468.42,127706,
al2501,2024-10-31,20870,20830,20820,20850,20665,20735,20760,-95,-70,71383,741099.2225,142924,
al2501,2024-11-01,20735,20760,20780,20885,20720,20795,20800,35,40,57965,602874.675,142949,
al2501,2024-11-04,20795,20800,20850,20900,20565,20855,20775,55,-25,85569,888959.3175,149391,
al2501,2024-11-05,20855,20775,20825,21045,20785,20985,20930,210,155,71586,749309.2475,155362,
al2501,2024-11-06,20985,20930,21005,21150,20950,20970,21035,40,105,83865,882121.325,166070,
al2501,2024-11-07,20970,21035,20960,21470,20840,21410,21200,375,165,152972,1621564.6175,191089,
al2501,2024-11-08,21410,21200,21600,21790,21530,21670,21645,470,445,142408,1541513.78,209900,
al2501,2024-11-11,21670,21645,21445,21625,21300,21390,21450,-255,-195,138381,1484164.095,207792,
al2501,2024-11-12,21390,21450,21310,21335,20865,20920,21115,-530,-335,144003,1520432.29,203246,
al2501,2024-11-13,20920,21115,20920,20965,20680,20785,20835,-330,-280,109990,1145845.5325,198463,
al2501,2024-11-14,20785,20835,20785,20840,20550,20580,20690,-255,-145,111819,1156996.555,192817,
al2501,2024-11-15,20580,20690,20650,20915,20650,20800,20800,110,110,147621,1535327.76,198725,
al2501,2024-11-18,20800,20800,20955,20955,20290,20515,20550,-285,-250,403195,4143566.0725,208979,
al2501,2024-11-19,20515,20550,20350,20640,20325,20585,20470,35,-80,158446,1621796.69,209101,
al2501,2024-11-20,20585,20470,20540,20840,20520,20800,20690,330,220,132721,1373311.4125,212028,
al2501,2024-11-21,20800,20690,20750,20815,20605,20720,20705,30,15,139136,1440509.9725,205952,
al2501,2024-11-22,20720,20705,20700,20710,20405,20420,20550,-285,-155,173307,1780831.2225,196633,
al2501,2024-11-25,20420,20550,20360,20630,20355,20620,20535,70,-15,145678,1495978.135,190915,
al2501,2024-11-26,20620,20535,20590,20705,20520,20560,20600,25,65,138014,1421613.645,188429,
al2501,2024-11-27,20560,20600,20560,20615,20475,20575,20545,-25,-55,132609,1362476.1475,182760,
al2501,2024-11-28,20575,20545,20555,20570,20220,20225,20355,-320,-190,220877,2248186.205,178741,
al2501,2024-11-29,20225,20355,20235,20455,20220,20390,20335,35,-20,139877,1422211.8425,170438,
al2501,2024-12-02,20390,20335,20370,20480,20320,20390,20385,55,50,118177,1204771.6475,162170,
al2501,2024-12-03,20390,20385,20380,20475,20295,20385,20380,0,-5,102614,1045821.4575,158208,
al2501,2024-12-04,20385,20380,20430,20625,20340,20580,20455,200,75,131287,1342977.1525,156868,
al2501,2024-12-05,20580,20455,20535,20695,20470,20505,20575,50,120,125581,1292023.475,151757,
al2501,2024-12-06,20505,20575,20560,20570,20290,20310,20415,-265,-160,139548,1424627.1675,140486,
al2501,2024-12-09,20310,20415,20290,20415,20275,20340,20340,-75,-75,99306,1010080.5125,132457,
al2501,2024-12-10,20340,20340,20420,20535,20265,20295,20385,-45,45,119605,1219256.0475,125551,
al2501,2024-12-11,20295,20385,20340,20465,20290,20400,20375,15,-10,85819,874401.66,116984,
al2501,2024-12-12,20400,20375,20370,20560,20345,20525,20445,150,70,69696,712583.345,108790,
al2501,2024-12-13,20525,20445,20460,20480,20225,20345,20365,-100,-80,70453,717479.165,100197,
al2501,2024-12-16,20345,20365,20395,20435,20160,20205,20265,-160,-100,53007,537208.0425,93201,
al2501,2024-12-17,20205,20265,20150,20180,19890,19910,20000,-355,-265,53228,532412.35,85554,
al2501,2024-12-18,19910,20000,19880,19975,19835,19920,19895,-80,-105,36713,365253.4,79823,
al2501,2024-12-19,19920,19895,19920,19940,19750,19840,19835,-55,-60,34772,344930.7725,73542,
al2501,2024-12-20,19840,19835,19820,19995,19805,19945,19915,110,80,24185,240828.82,69278,
al2501,2024-12-23,19945,19915,19915,20020,19855,19895,19940,-20,25,28520,284396.1375,63282,
al2501,2024-12-24,19895,19940,19935,19945,19770,19865,19825,-75,-115,28336,280923.51,57192,
al2501,2024-12-25,19865,19825,19950,19985,19810,19880,19880,55,55,31782,315913.4575,51837,
al2501,2024-12-26,19880,19880,19880,19915,19705,19760,19805,-120,-75,24873,246331.3825,44427,
al2501,2024-12-27,19760,19805,19810,19830,19710,19795,19765,-10,-40,19155,189320.1025,37256,
al2501,2024-12-30,19795,19765,19785,19885,19700,19780,19765,15,0,14731,145579.605,31868,
al2501,2024-12-31,19780,19765,19800,19815,19740,19765,19775,0,10,9137,90360.5725,27210,
